Data Size,Algorithm,Avg. Noisy Mean,MSE
1000,Naive Uniform,24.91391712405272,0.0004023423653498108
1000,Naive Gaussian,24.912416014984245,0.0011429140384813879
1000,Laplace DP (ε=1.0),24.912866765700684,0.0032262349522871325
10000,Naive Uniform,24.93831319590663,3.256749423447966e-05
10000,Naive Gaussian,24.93775334734858,0.0001053376074939745
10000,Laplace DP (ε=1.0),24.937815349164616,3.019932415232721e-05
100000,Naive Uniform,24.936594231162307,3.763698200206781e-06
100000,Naive Gaussian,24.9365509241883,9.023360961770463e-06
100000,Laplace DP (ε=1.0),24.93656069636064,2.533666310257865e-07
